item_group_oid,form_oid,order_number,mandatory,collection_exception_condition_oid
G.DM.IC,F.DM,1,Yes,
G.DM.DM,F.DM,2,Yes,
G.MH.NS,F.MH,1,Yes,
G.MH.CM,F.MH,2,Yes,
G.VS.VS,F.VS,1,Yes,
G.VS.BPP,F.VS,2,Yes,
ImportedInstance_G_1,ImportedInstance_F_AE_Requiring_Additional_Data,2,Yes,
ImportedInstance_G_2,ImportedInstance_F_AE_Requiring_Additional_Data,3,Yes,
ImportedInstance_G_3,ImportedInstance_F_AE_Requiring_Additional_Data,4,Yes,
ImportedInstance_G_4,ImportedInstance_F_AE_Requiring_Additional_Data,5,Yes,
ImportedInstance_G_5,ImportedInstance_F_AE_Requiring_Additional_Data,6,Yes,
ImportedInstance_G_6,ImportedInstance_F_AE_Requiring_Additional_Data,7,Yes,
ImportedInstance_G_7,ImportedInstance_F_AE_Requiring_Additional_Data,8,Yes,
ImportedInstance_G_8,ImportedInstance_F_AE_Requiring_Additional_Data,9,Yes,
ImportedInstance_G_9,ImportedInstance_F_AE_Requiring_Additional_Data,10,Yes,
ImportedInstance_G_10,ImportedInstance_F_AE_Requiring_Additional_Data,11,Yes,
ImportedInstance_G_11,ImportedInstance_F_AE_Requiring_Additional_Data,12,Yes,
ImportedInstance_G_12,ImportedInstance_F_AE_Requiring_Additional_Data,13,Yes,
ImportedInstance_G_13,ImportedInstance_F_AE_Requiring_Additional_Data,14,Yes,
ImportedInstance_G_14,ImportedInstance_F_AE_Requiring_Additional_Data,15,Yes,
ImportedInstance_G_15,ImportedInstance_F_AE_Requiring_Additional_Data,16,Yes,
ImportedInstance_G_16,ImportedInstance_F_AE_Requiring_Additional_Data,17,Yes,
ImportedInstance_G_17,ImportedInstance_F_AE_Requiring_Additional_Data,18,Yes,
ImportedInstance_G_18,ImportedInstance_F_AE_Requiring_Additional_Data,19,Yes,
ImportedInstance_G_19,ImportedInstance_F_AE_Requiring_Additional_Data,20,Yes,
ImportedInstance_G_20,ImportedInstance_F_AE_Requiring_Additional_Data,21,Yes,
ImportedInstance_G_21,ImportedInstance_F_AE_Requiring_Additional_Data,22,Yes,
ImportedInstance_G_22,ImportedInstance_F_AE_Requiring_Additional_Data,23,Yes,
ImportedInstance_G_23,ImportedInstance_F_AE_Requiring_Additional_Data,24,Yes,
ImportedInstance_G_24,ImportedInstance_F_AE_Requiring_Additional_Data,25,Yes,
ImportedInstance_G_25,ImportedInstance_F_AE_Requiring_Additional_Data,26,Yes,
ImportedInstance_G_26,ImportedInstance_F_AE_Requiring_Additional_Data,27,Yes,
ImportedInstance_G_27,ImportedInstance_F_AE_Requiring_Additional_Data,28,Yes,
ImportedInstance_G_28,ImportedInstance_F_AE_Requiring_Additional_Data,29,Yes,
ImportedInstance_G_29,ImportedInstance_F_AE_Requiring_Additional_Data,30,Yes,
ImportedInstance_G_30,ImportedInstance_F_AE_Requiring_Additional_Data,31,Yes,
ImportedInstance_G_31,ImportedInstance_F_AE_Requiring_Additional_Data,32,Yes,
ImportedInstance_G_32,ImportedInstance_F_AE_Requiring_Additional_Data,33,Yes,
ImportedInstance_G_33,ImportedInstance_F_Event_Adjudication,34,Yes,
ImportedInstance_G_34,ImportedInstance_F_AE_Requiring_Additional_Data,36,Yes,
ImportedInstance_G_35,ImportedInstance_F_AE_Requiring_Additional_Data,37,Yes,
ImportedInstance_G_36,ImportedInstance_F_AE_Requiring_Additional_Data,38,Yes,
ImportedInstance_G_37,ImportedInstance_F_Laboratory_Assessments,39,Yes,
ImportedInstance_G_38,ImportedInstance_F_Laboratory_Assessments,40,Yes,
ImportedInstance_G_39,ImportedInstance_F_Laboratory_Assessments,41,Yes,
ImportedInstance_G_40,ImportedInstance_F_AE_Requiring_Additional_Data,42,Yes,
ImportedInstance_G_41,ImportedInstance_F_AE_Requiring_Additional_Data,43,Yes,
ImportedInstance_G_42,ImportedInstance_F_Laboratory_Assessments,44,Yes,
ImportedInstance_G_43,ImportedInstance_F_AE_Requiring_Additional_Data,45,Yes,
ImportedInstance_G_44,ImportedInstance_F_Laboratory_Assessments,46,Yes,
ImportedInstance_G_45,ImportedInstance_F_Laboratory_Assessments,47,Yes,
ImportedInstance_G_46,ImportedInstance_F_AE_Requiring_Additional_Data,48,Yes,
ImportedInstance_G_47,ImportedInstance_F_Laboratory_Assessments,49,Yes,
ImportedInstance_G_48,ImportedInstance_F_Laboratory_Assessments,50,Yes,
ImportedInstance_G_49,ImportedInstance_F_AE_Requiring_Additional_Data,51,Yes,
ImportedInstance_G_50,ImportedInstance_F_AE_Requiring_Additional_Data,52,Yes,
ImportedInstance_G_51,ImportedInstance_F_AE_Requiring_Additional_Data,53,Yes,
ImportedInstance_G_52,ImportedInstance_F_Laboratory_Assessments,54,Yes,
ImportedInstance_G_53,ImportedInstance_F_Laboratory_Assessments,55,Yes,
ImportedInstance_G_54,ImportedInstance_F_Laboratory_Assessments,56,Yes,
ImportedInstance_G_55,ImportedInstance_F_AE_Requiring_Additional_Data,57,Yes,
ImportedInstance_G_56,ImportedInstance_F_Vital_Signs,58,Yes,
ImportedInstance_G_57,ImportedInstance_F_Body_Measurements,59,Yes,
ImportedInstance_G_58,ImportedInstance_F_Vital_Signs,60,Yes,
ImportedInstance_G_59,ImportedInstance_F_Vital_Signs,61,Yes,
ImportedInstance_G_60,ImportedInstance_F_Event_Adjudication,62,Yes,
ImportedInstance_G_61,ImportedInstance_F_Device,63,Yes,
ImportedInstance_G_62,ImportedInstance_F_Event_Adjudication,64,Yes,
ImportedInstance_G_63,ImportedInstance_F_Childbearing_Potential,65,Yes,
ImportedInstance_G_64,ImportedInstance_F_Event_Adjudication,66,Yes,
ImportedInstance_G_65,ImportedInstance_F_AE_Requiring_Additional_Data,67,Yes,
ImportedInstance_G_66,ImportedInstance_F_Laboratory_Assessments,68,Yes,
ImportedInstance_G_67,ImportedInstance_F_AE_Requiring_Additional_Data,69,Yes,
ImportedInstance_G_68,ImportedInstance_F_Laboratory_Assessments,70,Yes,
ImportedInstance_G_69,ImportedInstance_F_AE_Requiring_Additional_Data,71,Yes,
ImportedInstance_G_70,ImportedInstance_F_Laboratory_Assessments,72,Yes,
ImportedInstance_G_71,ImportedInstance_F_Laboratory_Assessments,73,Yes,
ImportedInstance_G_72,ImportedInstance_F_Event_Adjudication,75,Yes,
ImportedInstance_G_73,ImportedInstance_F_Laboratory_Assessments,76,Yes,
ImportedInstance_G_74,ImportedInstance_F_Event_Adjudication,77,Yes,
ImportedInstance_G_75,ImportedInstance_F_Laboratory_Assessments,80,Yes,
ImportedInstance_G_76,ImportedInstance_F_AE_Requiring_Additional_Data,81,Yes,
ImportedInstance_G_77,ImportedInstance_F_Laboratory_Assessments,82,Yes,
ImportedInstance_G_78,ImportedInstance_F_AE_Requiring_Additional_Data,83,Yes,
ImportedInstance_G_79,ImportedInstance_F_Demography,84,Yes,
ImportedInstance_G_80,ImportedInstance_F_Event_Adjudication,85,Yes,
ImportedInstance_G_81,ImportedInstance_F_Event_Adjudication,86,Yes,
ImportedInstance_G_82,ImportedInstance_F_Laboratory_Assessments,88,Yes,
ImportedInstance_G_83,ImportedInstance_F_Laboratory_Assessments,89,Yes,
ImportedInstance_G_84,ImportedInstance_F_Laboratory_Assessments,90,Yes,
ImportedInstance_G_85,ImportedInstance_F_AE_Requiring_Additional_Data,91,Yes,
ImportedInstance_G_86,ImportedInstance_F_Laboratory_Assessments,92,Yes,
ImportedInstance_G_87,ImportedInstance_F_Laboratory_Assessments,93,Yes,
ImportedInstance_G_88,ImportedInstance_F_Laboratory_Assessments,94,Yes,
ImportedInstance_G_89,ImportedInstance_F_AE_Requiring_Additional_Data,95,Yes,
ImportedInstance_G_90,ImportedInstance_F_Laboratory_Assessments,96,Yes,
ImportedInstance_G_91,ImportedInstance_F_Laboratory_Assessments,97,Yes,
ImportedInstance_G_92,ImportedInstance_F_Laboratory_Assessments,98,Yes,
ImportedInstance_G_93,ImportedInstance_F_Laboratory_Assessments,99,Yes,
ImportedInstance_G_94,ImportedInstance_F_Laboratory_Assessments,100,Yes,
ImportedInstance_G_95,ImportedInstance_F_Laboratory_Assessments,101,Yes,
ImportedInstance_G_96,ImportedInstance_F_Event_Adjudication,102,Yes,
ImportedInstance_G_97,ImportedInstance_F_Body_Measurements,103,Yes,
ImportedInstance_G_98,ImportedInstance_F_Body_Measurements,104,Yes,
ImportedInstance_G_99,ImportedInstance_F_Event_Adjudication,106,Yes,
ImportedInstance_G_100,ImportedInstance_F_AE_Requiring_Additional_Data,108,Yes,
ImportedInstance_G_101,ImportedInstance_F_Laboratory_Assessments,109,Yes,
ImportedInstance_G_102,ImportedInstance_F_Laboratory_Assessments,110,Yes,
ImportedInstance_G_103,ImportedInstance_F_Laboratory_Assessments,111,Yes,
ImportedInstance_G_104,ImportedInstance_F_AE_Requiring_Additional_Data,114,Yes,
ImportedInstance_G_105,ImportedInstance_F_Laboratory_Assessments,115,Yes,
ImportedInstance_G_106,ImportedInstance_F_AE_Requiring_Additional_Data,116,Yes,
ImportedInstance_G_107,ImportedInstance_F_Event_Adjudication,118,Yes,
ImportedInstance_G_108,ImportedInstance_F_AE_Requiring_Additional_Data,119,Yes,
ImportedInstance_G_109,ImportedInstance_F_Laboratory_Assessments,120,Yes,
ImportedInstance_G_110,ImportedInstance_F_Laboratory_Assessments,121,Yes,
ImportedInstance_G_111,ImportedInstance_F_Event_Adjudication,122,Yes,
ImportedInstance_G_112,ImportedInstance_F_Vital_Signs,123,Yes,
ImportedInstance_G_113,ImportedInstance_F_Clinical_Outcome_Assessments,124,Yes,
ImportedInstance_G_114,ImportedInstance_F_AE_Requiring_Additional_Data,126,Yes,
ImportedInstance_G_115,ImportedInstance_F_AE_Requiring_Additional_Data,127,Yes,
ImportedInstance_G_116,ImportedInstance_F_AE_Requiring_Additional_Data,128,Yes,
ImportedInstance_G_117,ImportedInstance_F_AE_Requiring_Additional_Data,129,Yes,
ImportedInstance_G_118,ImportedInstance_F_AE_Requiring_Additional_Data,130,Yes,
ImportedInstance_G_119,ImportedInstance_F_AE_Requiring_Additional_Data,131,Yes,
ImportedInstance_G_120,ImportedInstance_F_AE_Requiring_Additional_Data,132,Yes,
ImportedInstance_G_121,ImportedInstance_F_AE_Requiring_Additional_Data,133,Yes,
ImportedInstance_G_122,ImportedInstance_F_AE_Requiring_Additional_Data,134,Yes,
ImportedInstance_G_123,ImportedInstance_F_AE_Requiring_Additional_Data,135,Yes,
ImportedInstance_G_124,ImportedInstance_F_AE_Requiring_Additional_Data,136,Yes,
ImportedInstance_G_125,ImportedInstance_F_AE_Requiring_Additional_Data,137,Yes,
ImportedInstance_G_126,ImportedInstance_F_AE_Requiring_Additional_Data,138,Yes,
ImportedInstance_G_127,ImportedInstance_F_AE_Requiring_Additional_Data,139,Yes,
ImportedInstance_G_128,ImportedInstance_F_AE_Requiring_Additional_Data,140,Yes,
ImportedInstance_G_129,ImportedInstance_F_AE_Requiring_Additional_Data,141,Yes,
ImportedInstance_G_130,ImportedInstance_F_AE_Requiring_Additional_Data,142,Yes,
ImportedInstance_G_131,ImportedInstance_F_AE_Requiring_Additional_Data,143,Yes,
ImportedInstance_G_132,ImportedInstance_F_AE_Requiring_Additional_Data,144,Yes,
ImportedInstance_G_133,ImportedInstance_F_AE_Requiring_Additional_Data,145,Yes,
ImportedInstance_G_134,ImportedInstance_F_AE_Requiring_Additional_Data,146,Yes,
ImportedInstance_G_135,ImportedInstance_F_AE_Requiring_Additional_Data,147,Yes,
ImportedInstance_G_136,ImportedInstance_F_AE_Requiring_Additional_Data,148,Yes,
ImportedInstance_G_137,ImportedInstance_F_AE_Requiring_Additional_Data,149,Yes,
ImportedInstance_G_138,ImportedInstance_F_AE_Requiring_Additional_Data,150,Yes,
ImportedInstance_G_139,ImportedInstance_F_AE_Requiring_Additional_Data,151,Yes,
ImportedInstance_G_140,ImportedInstance_F_AE_Requiring_Additional_Data,152,Yes,
ImportedInstance_G_141,ImportedInstance_F_AE_Requiring_Additional_Data,153,Yes,
ImportedInstance_G_142,ImportedInstance_F_AE_Requiring_Additional_Data,154,Yes,
ImportedInstance_G_143,ImportedInstance_F_AE_Requiring_Additional_Data,155,Yes,
ImportedInstance_G_144,ImportedInstance_F_AE_Requiring_Additional_Data,156,Yes,
ImportedInstance_G_145,ImportedInstance_F_AE_Requiring_Additional_Data,157,Yes,
ImportedInstance_G_146,ImportedInstance_F_AE_Requiring_Additional_Data,158,Yes,
ImportedInstance_G_147,ImportedInstance_F_AE_Requiring_Additional_Data,159,Yes,
ImportedInstance_G_148,ImportedInstance_F_AE_Requiring_Additional_Data,160,Yes,
ImportedInstance_G_149,ImportedInstance_F_AE_Requiring_Additional_Data,161,Yes,
ImportedInstance_G_150,ImportedInstance_F_AE_Requiring_Additional_Data,162,Yes,
ImportedInstance_G_151,ImportedInstance_F_AE_Requiring_Additional_Data,163,Yes,
ImportedInstance_G_152,ImportedInstance_F_AE_Requiring_Additional_Data,164,Yes,
ImportedInstance_G_153,ImportedInstance_F_AE_Requiring_Additional_Data,165,Yes,
ImportedInstance_G_154,ImportedInstance_F_Laboratory_Assessments,166,Yes,
ImportedInstance_G_155,ImportedInstance_F_Laboratory_Assessments,167,Yes,
ImportedInstance_G_156,ImportedInstance_F_AE_Requiring_Additional_Data,168,Yes,
ImportedInstance_G_157,ImportedInstance_F_AE_Requiring_Additional_Data,169,Yes,
ImportedInstance_G_158,ImportedInstance_F_Laboratory_Assessments,170,Yes,
ImportedInstance_G_159,ImportedInstance_F_AE_Requiring_Additional_Data,171,Yes,
ImportedInstance_G_160,ImportedInstance_F_AE_Requiring_Additional_Data,172,Yes,
ImportedInstance_G_161,ImportedInstance_F_Laboratory_Assessments,173,Yes,
ImportedInstance_G_162,ImportedInstance_F_Laboratory_Assessments,174,Yes,
ImportedInstance_G_163,ImportedInstance_F_Vital_Signs,175,Yes,
ImportedInstance_G_164,ImportedInstance_F_Demography,176,Yes,
ImportedInstance_G_165,ImportedInstance_F_AE_Requiring_Additional_Data,178,Yes,
ImportedInstance_G_166,ImportedInstance_F_Laboratory_Assessments,179,Yes,
ImportedInstance_G_167,ImportedInstance_F_Event_Adjudication,180,Yes,
ImportedInstance_G_168,ImportedInstance_F_Vital_Signs,181,Yes,
ImportedInstance_G_169,ImportedInstance_F_Event_Adjudication,182,Yes,
ImportedInstance_G_170,ImportedInstance_F_AE_Requiring_Additional_Data,183,Yes,
ImportedInstance_G_171,ImportedInstance_F_Event_Adjudication,184,Yes,
ImportedInstance_G_172,ImportedInstance_F_Event_Adjudication,185,Yes,
ImportedInstance_G_173,ImportedInstance_F_Demography,186,Yes,
ImportedInstance_G_174,ImportedInstance_F_AE_Requiring_Additional_Data,187,Yes,
ImportedInstance_G_175,ImportedInstance_F_Laboratory_Assessments,188,Yes,
ImportedInstance_G_176,ImportedInstance_F_Event_Adjudication,189,Yes,
ImportedInstance_G_177,ImportedInstance_F_Laboratory_Assessments,190,Yes,
ImportedInstance_G_178,ImportedInstance_F_Event_Adjudication,191,Yes,
ImportedInstance_G_179,ImportedInstance_F_Event_Adjudication,192,Yes,
ImportedInstance_G_180,ImportedInstance_F_Event_Adjudication,193,Yes,
ImportedInstance_G_181,ImportedInstance_F_Event_Adjudication,194,Yes,
ImportedInstance_G_182,ImportedInstance_F_Event_Adjudication,195,Yes,
ImportedInstance_G_183,ImportedInstance_F_Event_Adjudication,196,Yes,
ImportedInstance_G_184,ImportedInstance_F_Event_Adjudication,197,Yes,
ImportedInstance_G_185,ImportedInstance_F_Event_Adjudication,198,Yes,
ImportedInstance_G_186,ImportedInstance_F_Laboratory_Assessments,199,Yes,
ImportedInstance_G_187,ImportedInstance_F_Clinical_Outcome_Assessments,200,Yes,
ImportedInstance_G_188,ImportedInstance_F_Clinical_Outcome_Assessments,201,Yes,
ImportedInstance_G_189,ImportedInstance_F_Clinical_Outcome_Assessments,202,Yes,
ImportedInstance_G_190,ImportedInstance_F_Event_Adjudication,203,Yes,
ImportedInstance_G_191,ImportedInstance_F_Laboratory_Assessments,204,Yes,
ImportedInstance_G_192,ImportedInstance_F_Event_Adjudication,205,Yes,
ImportedInstance_G_193,ImportedInstance_F_Event_Adjudication,206,Yes,
ImportedInstance_G_194,ImportedInstance_F_Event_Adjudication,207,Yes,
ImportedInstance_G_195,ImportedInstance_F_Laboratory_Assessments,208,Yes,
ImportedInstance_G_196,ImportedInstance_F_Event_Adjudication,209,Yes,
ImportedInstance_G_197,ImportedInstance_F_Event_Adjudication,210,Yes,
ImportedInstance_G_198,ImportedInstance_F_Event_Adjudication,211,Yes,
ImportedInstance_G_199,ImportedInstance_F_AE_Requiring_Additional_Data,212,Yes,
ImportedInstance_G_200,ImportedInstance_F_AE_Requiring_Additional_Data,213,Yes,
ImportedInstance_G_201,ImportedInstance_F_Laboratory_Assessments,214,Yes,
ImportedInstance_G_202,ImportedInstance_F_Laboratory_Assessments,215,Yes,
ImportedInstance_G_203,ImportedInstance_F_Laboratory_Assessments,216,Yes,
ImportedInstance_G_204,ImportedInstance_F_Body_Measurements,217,Yes,
ImportedInstance_G_205,ImportedInstance_F_AE_Requiring_Additional_Data,218,Yes,
ImportedInstance_G_206,ImportedInstance_F_AE_Requiring_Additional_Data,219,Yes,
ImportedInstance_G_207,ImportedInstance_F_Laboratory_Assessments,220,Yes,
