item_oid,activity_instance_name,activity_item_class_name,order,primary,preset_response_value,value_condition,value_dependent_map
I.SYSBP,Systolic Blood Pressure,test_name,1,No,,,
I.SYSBP,Systolic Blood Pressure,test_code,2,No,,,
I.SYSBP,Systolic Blood Pressure,standard_unit,3,No,,,
I.LATERALITY,Systolic Blood Pressure,laterality,4,No,,,
I.DIABP,Diastolic Blood Pressure,test_name,1,No,,,
I.DIABP,Diastolic Blood Pressure,test_code,2,No,,,
I.DIABP,Diastolic Blood Pressure,standard_unit,3,No,,,
I.LATERALITY,Diastolic Blood Pressure,laterality,4,No,,,
ImportedInstance_Item_1,Acute Kidney Injury - Acute Urinary Tract Infection,categoric_finding_original_result,1,No,,,
ImportedInstance_Item_2,Acute Kidney Injury -  Aminoglycoside(s),categoric_finding_original_result,1,No,,,
ImportedInstance_Item_3,Acute Kidney Injury - Chronic Urinary Tract Infection,categoric_finding_original_result,1,No,,,
ImportedInstance_Item_4,Acute Kidney Injury - Conditions,categoric_finding_original_result,1,No,,,
ImportedInstance_Item_5,Acute Kidney Injury - Conditions Other,categoric_finding_original_result,1,No,,,
ImportedInstance_Item_6,Acute Kidney Injury - Connective Tissue Disease or Vasculitis,categoric_finding_original_result,1,No,,,
ImportedInstance_Item_7,Acute Kidney Injury - CT Scan Performed,categoric_finding_original_result,1,No,,,
ImportedInstance_Item_8,Acute Kidney Injury - Family History of Kidney Disease,categoric_finding_original_result,1,No,,,
ImportedInstance_Item_9,Acute Kidney Injury - Hypertension,categoric_finding_original_result,1,No,,,
ImportedInstance_Item_10,Acute Kidney Injury - Other Imaging Performed,categoric_finding_original_result,1,No,,,
ImportedInstance_Item_11,Acute Kidney Injury - Imaging Performed,categoric_finding_original_result,1,No,,,
ImportedInstance_Item_12,Acute Kidney Injury - Summary of Imaging Results,textual_finding_original_result,1,No,,,
ImportedInstance_Item_13,Acute Kidney Injury - Increase Serum Creat >= 0.3 mg/dL Within 48 Hours,categoric_finding_original_result,1,No,,,
ImportedInstance_Item_14,Acute Kidney Injury - Increase Serum Creat >= 0.3 mg/dL Within 48 Hours,specimen,2,No,,,
ImportedInstance_Item_15,Acute Kidney Injury - Increase Serum Creat >= 1.5 Times Baseline Within 7 Days,categoric_finding_original_result,1,No,,,
ImportedInstance_Item_16,Acute Kidney Injury - Increase Serum Creat >= 1.5 Times Baseline Within 7 Days,specimen,2,No,,,
ImportedInstance_Item_17,Acute Kidney Injury - Initiation of RAS Blockade,categoric_finding_original_result,1,No,,,
ImportedInstance_Item_18,Acute Kidney Injury - IV Contrast,categoric_finding_original_result,1,No,,,
ImportedInstance_Item_19,Acute Kidney Injury - Summary of Biopsy Histology Results,textual_finding_original_result,1,No,,,
ImportedInstance_Item_20,Acute Kidney Injury - Kidney Biopsy Performed,categoric_finding_original_result,1,No,,,
ImportedInstance_Item_21,Acute Kidney Injury - Nephrotoxic Treatment Received Within Last 3 Months,categoric_finding_original_result,1,No,,,
ImportedInstance_Item_22,Acute Kidney Injury - Nephrotoxic Treatment Other,categoric_finding_original_result,1,No,,,
ImportedInstance_Item_23,Acute Kidney Injury - NSAIDs,categoric_finding_original_result,1,No,,,
ImportedInstance_Item_24,Acute Kidney Injury - Post-Renal Obstructive Disease,categoric_finding_original_result,1,No,,,
ImportedInstance_Item_25,Acute Kidney Injury - Present Other,categoric_finding_original_result,1,No,,,
ImportedInstance_Item_26,Acute Kidney Injury - Primary Glomerulonephritis,categoric_finding_original_result,1,No,,,
ImportedInstance_Item_27,Acute Kidney Injury - Progression of Chronic Kidney Disease,categoric_finding_original_result,1,No,,,
ImportedInstance_Item_28,Acute Kidney Injury - Recent Streptococcal Infection,categoric_finding_original_result,1,No,,,
ImportedInstance_Item_29,Acute Kidney Injury - Renal Angio-Imaging Performed,categoric_finding_original_result,1,No,,,
ImportedInstance_Item_30,Acute Kidney Injury - Renal Artery Stenosis,categoric_finding_original_result,1,No,,,
ImportedInstance_Item_31,Acute Kidney Injury - Renal Vein Thrombosis,categoric_finding_original_result,1,No,,,
ImportedInstance_Item_32,Acute Kidney Injury - Systemic Autoimmune Disease,categoric_finding_original_result,1,No,,,
ImportedInstance_Item_33,Acute Kidney Injury - Ultrasound Performed,categoric_finding_original_result,1,No,,,
ImportedInstance_Item_34,Acute Kidney Injury - Urine Volume < 0.5 mL/kg/h for 6 Hours,categoric_finding_original_result,1,No,,,
ImportedInstance_Item_35,Acute Kidney Injury - Urine Volume < 0.5 mL/kg/h for 6 Hours,specimen,2,No,,,
ImportedInstance_Item_36,Adjudication Outcome,categoric_finding_original_result,1,No,,,
ImportedInstance_Item_37,"Albumin, AE Requiring Additional Data",numeric_finding_original_result,1,No,,,
ImportedInstance_Item_38,Urinary Albumin Excretion,textual_finding_original_result,1,No,,,
ImportedInstance_Item_39,Urinary Albumin Excretion,specimen,2,No,,,
ImportedInstance_Item_40,Albumin/Creatinine,numeric_finding_original_result,1,No,,,
ImportedInstance_Item_41,Albumin/Creatinine Ratio,numeric_finding_original_result,1,No,,,
ImportedInstance_Item_42,Albumin/Creatinine Ratio,specimen,2,No,,,
ImportedInstance_Item_43,Albumin Urine,numeric_finding_original_result,1,No,,,
ImportedInstance_Item_44,Albumin Urine,specimen,2,No,,,
ImportedInstance_Item_45,"Albumin, g/dL",numeric_finding_original_result,1,No,,,
ImportedInstance_Item_46,"Albumin, g/dL",specimen,2,No,,,
ImportedInstance_Item_47,"Alkaline Phosphatase, AE Requiring Additional Data",numeric_finding_original_result,1,No,,,
ImportedInstance_Item_48,"Alanine Aminotransferase, AE Requiring Additional Data",numeric_finding_original_result,1,No,,,
ImportedInstance_Item_49,"Alanine Aminotransferase, Biochemistry",numeric_finding_original_result,1,No,,,
ImportedInstance_Item_50,"Alanine Aminotransferase, Biochemistry",specimen,2,No,,,
ImportedInstance_Item_51,"Amylase, AE Requiring Additional Data",numeric_finding_original_result,1,No,,,
ImportedInstance_Item_52,"Amylase, Biochemistry",numeric_finding_original_result,1,No,,,
ImportedInstance_Item_53,"Amylase, Biochemistry",specimen,2,No,,,
ImportedInstance_Item_54,"Alkaline Phosphatase, Biochemistry",numeric_finding_original_result,1,No,,,
ImportedInstance_Item_55,"Alkaline Phosphatase, Biochemistry",specimen,2,No,,,
ImportedInstance_Item_56,"Aspartate Aminotransferase, AE Requiring Additional Data",numeric_finding_original_result,1,No,,,
ImportedInstance_Item_57,"Aspartate Aminotransferase, Biochemistry",numeric_finding_original_result,1,No,,,
ImportedInstance_Item_58,"Aspartate Aminotransferase, Biochemistry",specimen,2,No,,,
ImportedInstance_Item_59,BG Super GL Analyzer,numeric_finding_original_result,1,No,,,
ImportedInstance_Item_60,"Direct Bilirubin, AE Requiring Additional Data",numeric_finding_original_result,1,No,,,
ImportedInstance_Item_61,"Bilirubin, AE Requiring Additional Data",numeric_finding_original_result,1,No,,,
ImportedInstance_Item_62,"Indirect Bilirubin, AE Requiring Additional Data",numeric_finding_original_result,1,No,,,
ImportedInstance_Item_63,"Bilirubin, Biochemistry",numeric_finding_original_result,1,No,,,
ImportedInstance_Item_64,"Bilirubin, Biochemistry",specimen,2,No,,,
ImportedInstance_Item_65,Bilirubin Urine,categoric_finding_original_result,1,No,,,
ImportedInstance_Item_66,Bilirubin Urine,specimen,2,No,,,
ImportedInstance_Item_67,Have All Blood Samples Been Taken,categoric_finding_original_result,1,No,,,
ImportedInstance_Item_68,Have All Blood Samples Been Taken,specimen,2,No,,,
ImportedInstance_Item_69,Urea Nitrogen,numeric_finding_original_result,1,No,,,
ImportedInstance_Item_70,Urea Nitrogen,specimen,2,No,,,
ImportedInstance_Item_71,Body Temperature,numeric_finding_original_result,1,No,,,
ImportedInstance_Item_72,Body Temperature,location,5,No,,,
ImportedInstance_Item_73,Body Temperature,position,6,No,,,
ImportedInstance_Item_74,Body Weight,numeric_finding_original_result,1,No,,,
ImportedInstance_Item_75,Diastolic Blood Pressure,numeric_finding_original_result,1,No,,,
ImportedInstance_Item_76,Diastolic Blood Pressure,laterality,5,No,,,
ImportedInstance_Item_77,Diastolic Blood Pressure,location,6,No,,,
ImportedInstance_Item_78,Diastolic Blood Pressure,position,7,No,,,
ImportedInstance_Item_79,Systolic Blood Pressure,numeric_finding_original_result,1,No,,,
ImportedInstance_Item_80,Systolic Blood Pressure,laterality,5,No,,,
ImportedInstance_Item_81,Systolic Blood Pressure,location,6,No,,,
ImportedInstance_Item_82,Systolic Blood Pressure,position,7,No,,,
ImportedInstance_Item_83,Cause of Death,categoric_finding_original_result,1,No,,,
ImportedInstance_Item_84,CGM - Sensor Value,numeric_finding_original_result,1,No,,,
ImportedInstance_Item_85,Imaging Findings Characteristic of Pancreatitis,categoric_finding_original_result,1,No,,,
ImportedInstance_Item_86,Is the Subject of Childbearing Potential,categoric_finding_original_result,1,No,,,
ImportedInstance_Item_87,Classification of Myocardial Infarction,categoric_finding_original_result,1,No,,,
ImportedInstance_Item_88,Creatinine Clearance,numeric_finding_original_result,1,No,,,
ImportedInstance_Item_89,"Creatinine, Biochemistry",numeric_finding_original_result,1,No,,,
ImportedInstance_Item_90,"Creatinine, Biochemistry",specimen,2,No,,,
ImportedInstance_Item_91,C-Reactive Protein,numeric_finding_original_result,1,No,,,
ImportedInstance_Item_92,High Sensitive C-Reactive Protein,numeric_finding_original_result,1,No,,,
ImportedInstance_Item_93,High Sensitive C-Reactive Protein,specimen,2,No,,,
ImportedInstance_Item_94,Cystatin C,numeric_finding_original_result,1,No,,,
ImportedInstance_Item_95,C-Peptide,numeric_finding_original_result,1,No,,,
ImportedInstance_Item_96,C-Peptide,specimen,2,No,,,
ImportedInstance_Item_97,C-Reactive Protein Plasma,numeric_finding_original_result,1,No,,,
ImportedInstance_Item_98,C-Reactive Protein Plasma,specimen,2,No,,,
ImportedInstance_Item_99,Location of Death Occurrence,categoric_finding_original_result,1,No,,,
ImportedInstance_Item_100,eGFR Using CKD-EPI Formula,numeric_finding_original_result,1,No,,,
ImportedInstance_Item_101,eGFR Using CKD-EPI Formula,specimen,2,No,,,
ImportedInstance_Item_102,"Elevated Blood Levels of Pancreatic Enzymes (Lipase, Amylase) >=3xUNL",categoric_finding_original_result,1,No,,,
ImportedInstance_Item_103,Eosinophils Blood,numeric_finding_original_result,1,No,,,
ImportedInstance_Item_104,Eosinophils Blood,specimen,2,No,,,
ImportedInstance_Item_105,Eosinophils Cell Count (AE),numeric_finding_original_result,1,No,,,
ImportedInstance_Item_106,Erythrocytes,numeric_finding_original_result,1,No,,,
ImportedInstance_Item_107,Erythrocytes,specimen,2,No,,,
ImportedInstance_Item_108,Estimated GFR,numeric_finding_original_result,1,No,,,
ImportedInstance_Item_109,Ethnicity,categoric_finding_original_result,1,No,,,
ImportedInstance_Item_110,Evaluated Event Onset Date,textual_finding_original_result,1,No,,,
ImportedInstance_Item_111,Event Confirmation,categoric_finding_original_result,1,No,,,
ImportedInstance_Item_112,Fasting Plasma Glucose,numeric_finding_original_result,1,No,,,
ImportedInstance_Item_113,Fasting Plasma Glucose,specimen,2,No,,,
ImportedInstance_Item_114,Fasting Serum Glucose,numeric_finding_original_result,1,No,,,
ImportedInstance_Item_115,Fasting Serum Glucose,specimen,2,No,,,
ImportedInstance_Item_116,Insulin Serum-Fasting,numeric_finding_original_result,1,No,,,
ImportedInstance_Item_117,Insulin Serum-Fasting,specimen,2,No,,,
ImportedInstance_Item_118,Gamma Glutamyl Transferase,numeric_finding_original_result,1,No,,,
ImportedInstance_Item_119,GGT,numeric_finding_original_result,1,No,,,
ImportedInstance_Item_120,GGT,specimen,2,No,,,
ImportedInstance_Item_121,Plasma Glucagon,numeric_finding_original_result,1,No,,,
ImportedInstance_Item_122,Plasma Glucagon,specimen,2,No,,,
ImportedInstance_Item_123,Serum Glucagon,numeric_finding_original_result,1,No,,,
ImportedInstance_Item_124,Serum Glucagon,specimen,2,No,,,
ImportedInstance_Item_125,Glucose,numeric_finding_original_result,1,No,,,
ImportedInstance_Item_126,Blood Glucose,numeric_finding_original_result,1,No,,,
ImportedInstance_Item_127,Blood Glucose,specimen,2,No,,,
ImportedInstance_Item_128,Glucose Urine,categoric_finding_original_result,1,No,,,
ImportedInstance_Item_129,Glucose Urine,specimen,2,No,,,
ImportedInstance_Item_130,"Glucose, Plasma, Glucose Metabolism",numeric_finding_original_result,1,No,,,
ImportedInstance_Item_131,"Glucose, Plasma, Glucose Metabolism",specimen,2,No,,,
ImportedInstance_Item_132,"Glucose, Serum",numeric_finding_original_result,1,No,,,
ImportedInstance_Item_133,"Glucose, Serum",specimen,2,No,,,
ImportedInstance_Item_134,Glucose Dipstick,categoric_finding_original_result,1,No,,,
ImportedInstance_Item_135,Glucose Dipstick,specimen,2,No,,,
ImportedInstance_Item_136,HbA1c,numeric_finding_original_result,1,No,,,
ImportedInstance_Item_137,HbA1c,specimen,2,No,,,
ImportedInstance_Item_138,Heart Failure Classification,categoric_finding_original_result,1,No,,,
ImportedInstance_Item_139,Height,numeric_finding_original_result,1,No,,,
ImportedInstance_Item_140,Hip Circumference,numeric_finding_original_result,1,No,,,
ImportedInstance_Item_141,Did the Subject Feel Better After the Treatment,categoric_finding_original_result,1,No,,,
ImportedInstance_Item_142,International Normalized Ratio,numeric_finding_original_result,1,No,,,
ImportedInstance_Item_143,INR,numeric_finding_original_result,1,No,,,
ImportedInstance_Item_144,INR,specimen,2,No,,,
ImportedInstance_Item_145,Human Insulin,numeric_finding_original_result,1,No,,,
ImportedInstance_Item_146,Human Insulin,specimen,2,No,,,
ImportedInstance_Item_147,Insulin Serum,numeric_finding_original_result,1,No,,,
ImportedInstance_Item_148,Insulin Serum,specimen,2,No,,,
ImportedInstance_Item_149,"Lipase, AE Requiring Additional Data",numeric_finding_original_result,1,No,,,
ImportedInstance_Item_150,"Lipase, Biochemistry",numeric_finding_original_result,1,No,,,
ImportedInstance_Item_151,"Lipase, Biochemistry",specimen,2,No,,,
ImportedInstance_Item_152,Glomerular Filtration Rate,numeric_finding_original_result,1,No,,,
ImportedInstance_Item_153,Method of Coronary Revascularisation,categoric_finding_original_result,1,No,,,
ImportedInstance_Item_154,"Nitrite, AE Requiring Additional Data",textual_finding_original_result,1,No,,,
ImportedInstance_Item_155,Urine Nitrite,categoric_finding_original_result,1,No,,,
ImportedInstance_Item_156,Urine Nitrite,specimen,2,No,,,
ImportedInstance_Item_157,"Nitrite, Urinalysis",categoric_finding_original_result,1,No,,,
ImportedInstance_Item_158,"Nitrite, Urinalysis",specimen,2,No,,,
ImportedInstance_Item_159,Other Adjudicated Event Type,categoric_finding_original_result,1,No,,,
ImportedInstance_Item_160,Oxygen Saturation,numeric_finding_original_result,1,No,,,
ImportedInstance_Item_161,Pain Rating - How Would You Rate the Pain at Its Worst in Your Target Knee,categoric_finding_original_result,1,No,,,
ImportedInstance_Item_162,Significant Upper Abdominal Pain,categoric_finding_original_result,1,No,,,
ImportedInstance_Item_163,Any Acute Complications,categoric_finding_original_result,1,No,,,
ImportedInstance_Item_164,Other Acute Pancreatitis Symptom,categoric_finding_original_result,1,No,,,
ImportedInstance_Item_165,Risk Factor - Alcohol Consumption,categoric_finding_original_result,1,No,,,
ImportedInstance_Item_166,Atrophy of the Pancreas,categoric_finding_original_result,1,No,,,
ImportedInstance_Item_167,Calcification of Pancreas,categoric_finding_original_result,1,No,,,
ImportedInstance_Item_168,Other Chronic Pancreatitis Symptom,categoric_finding_original_result,1,No,,,
ImportedInstance_Item_169,Imaging Method - CT Scan,categoric_finding_original_result,1,No,,,
ImportedInstance_Item_170,Dilatation of Pancreatic Ducts,categoric_finding_original_result,1,No,,,
ImportedInstance_Item_171,Dilated Common Bile Duct,categoric_finding_original_result,1,No,,,
ImportedInstance_Item_172,Risk Factor -Family Hist of Pancreatitis,categoric_finding_original_result,1,No,,,
ImportedInstance_Item_173,Fever as Symptom,categoric_finding_original_result,1,No,,,
ImportedInstance_Item_174,Acute Complications - GI Haemorrhage,categoric_finding_original_result,1,No,,,
ImportedInstance_Item_175,Risk Factor - History of Gallstones,categoric_finding_original_result,1,No,,,
ImportedInstance_Item_176,Risk Factor - Hyper-Calcaemia,categoric_finding_original_result,1,No,,,
ImportedInstance_Item_177,Risk Factor - Hyper-Triglyceridemia,categoric_finding_original_result,1,No,,,
ImportedInstance_Item_178,Imaging Consistent with Acute Pan,categoric_finding_original_result,1,No,,,
ImportedInstance_Item_179,Imaging Consistent with Chronic Pan,categoric_finding_original_result,1,No,,,
ImportedInstance_Item_180,Imaging Consistent with Gallstone,categoric_finding_original_result,1,No,,,
ImportedInstance_Item_181,Was Imaging Performed,categoric_finding_original_result,1,No,,,
ImportedInstance_Item_182,Imaging Method - MRI,categoric_finding_original_result,1,No,,,
ImportedInstance_Item_183,Nausea as Symptom,categoric_finding_original_result,1,No,,,
ImportedInstance_Item_184,Necrotising Pancreatitis,categoric_finding_original_result,1,No,,,
ImportedInstance_Item_185,Obstructive Gall-Stone,categoric_finding_original_result,1,No,,,
ImportedInstance_Item_186,Oedematous or Interstitial Pancreatitis,categoric_finding_original_result,1,No,,,
ImportedInstance_Item_187,Imaging Method - Other,categoric_finding_original_result,1,No,,,
ImportedInstance_Item_188,Acute Complications - Other,categoric_finding_original_result,1,No,,,
ImportedInstance_Item_189,Risk Factor - Other,categoric_finding_original_result,1,No,,,
ImportedInstance_Item_190,Other Symptom,categoric_finding_original_result,1,No,,,
ImportedInstance_Item_191,Peri-Pancreatic Fluid,categoric_finding_original_result,1,No,,,
ImportedInstance_Item_192,Pseudocysts,categoric_finding_original_result,1,No,,,
ImportedInstance_Item_193,Acute Complications - Renal Failure,categoric_finding_original_result,1,No,,,
ImportedInstance_Item_194,Acute Complications -Respiratory Failure,categoric_finding_original_result,1,No,,,
ImportedInstance_Item_195,Pancreatitis Risk Factors,categoric_finding_original_result,1,No,,,
ImportedInstance_Item_196,Acute Complications - Sepsis,categoric_finding_original_result,1,No,,,
ImportedInstance_Item_197,Symptoms Present During Event,categoric_finding_original_result,1,No,,,
ImportedInstance_Item_198,Risk Factor - Trauma to the Pancreas,categoric_finding_original_result,1,No,,,
ImportedInstance_Item_199,Treatment Type,categoric_finding_original_result,1,No,,,
ImportedInstance_Item_200,Imaging Method - Ultrasound,categoric_finding_original_result,1,No,,,
ImportedInstance_Item_201,Vomiting as Symptom,categoric_finding_original_result,1,No,,,
ImportedInstance_Item_202,PH Dipstick,categoric_finding_original_result,1,No,,,
ImportedInstance_Item_203,PH Dipstick,specimen,2,No,,,
ImportedInstance_Item_204,Urine pH,numeric_finding_original_result,1,No,,,
ImportedInstance_Item_205,Urine pH,specimen,2,No,,,
ImportedInstance_Item_206,Platelets,numeric_finding_original_result,1,No,,,
ImportedInstance_Item_207,"Potassium, AE Requiring Additional Data",numeric_finding_original_result,1,No,,,
ImportedInstance_Item_208,"Potassium, Biochemistry",numeric_finding_original_result,1,No,,,
ImportedInstance_Item_209,"Potassium, Biochemistry",specimen,2,No,,,
ImportedInstance_Item_210,Protein,numeric_finding_original_result,1,No,,,
ImportedInstance_Item_211,Protein,specimen,2,No,,,
ImportedInstance_Item_212,"Prothrombin Time, AE Requiring Additional Data",numeric_finding_original_result,1,No,,,
ImportedInstance_Item_213,"Protein Urine, Stick",categoric_finding_original_result,1,No,,,
ImportedInstance_Item_214,"Protein Urine, Stick",specimen,2,No,,,
ImportedInstance_Item_215,"Prothrombin Time, Plasma",numeric_finding_original_result,1,No,,,
ImportedInstance_Item_216,"Prothrombin Time, Plasma",specimen,2,No,,,
ImportedInstance_Item_217,Pulse,numeric_finding_original_result,1,No,,,
ImportedInstance_Item_218,Pulse,position,5,No,,,
ImportedInstance_Item_219,Race,categoric_finding_original_result,1,No,,,
ImportedInstance_Item_220,"Erythrocytes in Urine, AE Requiring Additional Data",textual_finding_original_result,1,No,,,
ImportedInstance_Item_221,"Erythrocytes in Urine, Urinalysis",categoric_finding_original_result,1,No,,,
ImportedInstance_Item_222,"Erythrocytes in Urine, Urinalysis",specimen,2,No,,,
ImportedInstance_Item_223,Reason for Undetermined Death Cause 1,categoric_finding_original_result,1,No,,,
ImportedInstance_Item_224,Respiratory Rate,numeric_finding_original_result,1,No,,,
ImportedInstance_Item_225,Seizure,categoric_finding_original_result,1,No,,,
ImportedInstance_Item_226,"Creatinine, AE Requiring Additional Data",numeric_finding_original_result,1,No,,,
ImportedInstance_Item_227,"Creatinine, AE Requiring Additional Data",specimen,2,No,,,
ImportedInstance_Item_228,Severe Acute Upper Abdominal Pain,categoric_finding_original_result,1,No,,,
ImportedInstance_Item_229,Severity of Pancreatitis,categoric_finding_original_result,1,No,,,
ImportedInstance_Item_230,Sex,categoric_finding_original_result,1,No,,,
ImportedInstance_Item_231,"Sodium, AE Requiring Additional Data",numeric_finding_original_result,1,No,,,
ImportedInstance_Item_232,"Sodium, Biochemistry",numeric_finding_original_result,1,No,,,
ImportedInstance_Item_233,"Sodium, Biochemistry",specimen,2,No,,,
ImportedInstance_Item_234,Source of Adjudicated Event,categoric_finding_original_result,1,No,,,
ImportedInstance_Item_235,Subject Fasting,categoric_finding_original_result,1,No,,,
ImportedInstance_Item_236,Subject Died,categoric_finding_original_result,1,No,,,
ImportedInstance_Item_237,Symptom of Pancreatitis 1,categoric_finding_original_result,1,No,,,
ImportedInstance_Item_238,Symptom of Pancreatitis 2,categoric_finding_original_result,1,No,,,
ImportedInstance_Item_239,Symptom of Pancreatitis 3,categoric_finding_original_result,1,No,,,
ImportedInstance_Item_240,Symptom of Unstable Angina Pectoris 1,categoric_finding_original_result,1,No,,,
ImportedInstance_Item_241,Symptom of Unstable Angina Pectoris 2,categoric_finding_original_result,1,No,,,
ImportedInstance_Item_242,Symptom of Unstable Angina Pectoris 3,categoric_finding_original_result,1,No,,,
ImportedInstance_Item_243,Symptom of Unstable Angina Pectoris 4,categoric_finding_original_result,1,No,,,
ImportedInstance_Item_244,Thrombocytes,numeric_finding_original_result,1,No,,,
ImportedInstance_Item_245,Thrombocytes,specimen,2,No,,,
ImportedInstance_Item_246,Treadmill - Pain-Free Walking Distance on Flat Treadmill,numeric_finding_original_result,1,No,,,
ImportedInstance_Item_247,Treadmill - Pain-Free Walking Distance on Inclined Treadmill,numeric_finding_original_result,1,No,,,
ImportedInstance_Item_248,Treadmill - Max Walking Distance on Inclined Treadmill,numeric_finding_original_result,1,No,,,
ImportedInstance_Item_249,TOAST Classification,categoric_finding_original_result,1,No,,,
ImportedInstance_Item_250,"Total Protein, g/dL",numeric_finding_original_result,1,No,,,
ImportedInstance_Item_251,"Total Protein, g/dL",specimen,2,No,,,
ImportedInstance_Item_252,Type of Heart Failure,categoric_finding_original_result,1,No,,,
ImportedInstance_Item_253,Type of Myocardial Infarction,categoric_finding_original_result,1,No,,,
ImportedInstance_Item_254,Type of Stroke,categoric_finding_original_result,1,No,,,
ImportedInstance_Item_255,Leukocytes,numeric_finding_original_result,1,No,,,
ImportedInstance_Item_256,Leukocytes,specimen,2,No,,,
ImportedInstance_Item_257,Unconscious/Coma,categoric_finding_original_result,1,No,,,
ImportedInstance_Item_258,Undetermined Etiology Reason,categoric_finding_original_result,1,No,,,
ImportedInstance_Item_259,Details in Source Data,categoric_finding_original_result,1,No,,,
ImportedInstance_Item_260,Urine Culture,textual_finding_original_result,1,No,,,
ImportedInstance_Item_261,Urine Culture,specimen,2,No,,,
ImportedInstance_Item_262,Urine Microscopy,textual_finding_original_result,1,No,,,
ImportedInstance_Item_263,Urine Microscopy,specimen,2,No,,,
ImportedInstance_Item_264,Have All Urine Samples Been Taken,categoric_finding_original_result,1,No,,,
ImportedInstance_Item_265,Have All Urine Samples Been Taken,specimen,2,No,,,
ImportedInstance_Item_266,Urobilinogen,categoric_finding_original_result,1,No,,,
ImportedInstance_Item_267,Urobilinogen,specimen,2,No,,,
ImportedInstance_Item_268,Urobilinogen Urine,categoric_finding_original_result,1,No,,,
ImportedInstance_Item_269,Urobilinogen Urine,specimen,2,No,,,
ImportedInstance_Item_270,Waist Circumference,numeric_finding_original_result,1,No,,,
ImportedInstance_Item_271,White Blood Cells,numeric_finding_original_result,1,No,,,
ImportedInstance_Item_272,"Leukocytes in Urine, AE Requiring Additional Data",textual_finding_original_result,1,No,,,
ImportedInstance_Item_273,"Leukocytes in Urine, AE Requiring Additional Data",specimen,2,No,,,
ImportedInstance_Item_274,"Leukocytes in Urine, Urinalysis",categoric_finding_original_result,1,No,,,
ImportedInstance_Item_275,"Leukocytes in Urine, Urinalysis",specimen,2,No,,,
